drop table Mail_template;
drop table Stu_additional;
drop table Member_status;
drop table Test_Date;
drop table Test_interval;
drop table Examiner_offday;
drop table Employee;
drop table Student;
drop table Sign_list;
drop table Test_period;
drop table Class;
drop table Edu;
drop table Fullcalendar;
drop table talk;

create table Edu
(
  edu_id             int   primary key  NOT NULL  generated by default as identity(
 																					start with 1,     --自增主键的起始值
																					increment by 1,    --每次主键生成的增量
																					Minvalue 1,        --最小值
																					Maxvalue 1000,     --最大值
																					No cycle,          --是否可循环
																					No cache          --是否缓存
																				  ),     
  edu_name           nvarchar(30)  NOT NULL ,          
  edu_add            nvarchar(30)  NOT NULL,
  edu_tel            nvarchar(15)  NOT NULL,
  edu_contact        nvarchar(10)  NOT NULL
);  

create table Class
(
  class_id             nvarchar(10)  primary key  NOT NULL,     
  class_name           nvarchar(30)  NOT NULL ,           
  class_contact        nvarchar(10) ,
  class_teach          nvarchar(10)  NOT NULL,
  edu_id               int           fk_edu_id references   Edu(edu_id)
);  

create table Student
(
  stu_id               int           primary key  NOT NULL  generated by default as identity(
		 																				     start with 1,     --自增主键的起始值
																						     increment by 1,    --每次主键生成的增量
																						     Minvalue 1,        --最小值
																						     Maxvalue 1000,     --最大值
																						     No cycle,          --是否可循环
																					         No cache          --是否缓存
																						    ), 
  stu_group            int           NOT NULL,
  stu_note1            nvarchar(100) ,
  stu_seatno           int           NOT NULL,     
  stu_name             nvarchar(10)  NOT NULL ,
  stu_age              int           NOT NULL,
  stu_sch              nvarchar(30)  ,
  stu_sex              int           ,           
  stu_email            nvarchar(30)  UNIQUE NOT NULL,
  stu_pre              int           ,
  stu_implement        double        ,
  stu_testtime         timestamp     ,
  stu_interview        double        ,
  stu_total            double        ,
  stu_workdate         timestamp     ,
  stu_except           double        ,
  stu_final            int           ,
  stu_note2            nvarchar(100) ,
  class_id			   nvarchar(10)  fk_class_id  references  Class(class_id) NOT NULL,
  pub_key              BLOB          ,
  pri_key              BLOB          ,
  cipher_text	       BLOB          ,
  log_pw               BLOB           
);  

create table Sign_list
(
  sl_id                int            primary key  NOT NULL,     
  sl_name              nvarchar(20)   NOT NULL         
);  

create table Employee
(
  emp_id               nvarchar(10)  primary key  NOT NULL,     
  emp_name             nvarchar(20)  NOT NULL ,           
  dep_id               int	         ,     
  dep_name	           nvarchar(30)  NOT NULL ,   
  emp_mail             nvarchar(30)  UNIQUE NOT NULL,
  sl_id                int           fk_sl_id  references  Sign_list(sl_id) NOT NULL   
);  

create table Test_period
(
  test_hour_id           int	       primary key  NOT NULL generated by default as identity(
 																					start with 1,     --自增主键的起始值
																					increment by 1,    --每次主键生成的增量
																					Minvalue 1,        --最小值
																					Maxvalue 1000,     --最大值
																					No cycle,          --是否可循环
																					No cache          --是否缓存
																				  ), 
  test_starthour         time          NOT NULL ,
  test_endhour           time          NOT NULL          
);  


create table Test_interval
(
  test_interval_id      int            primary key  NOT NULL  generated by default as identity(
 																					start with 1,     --自增主键的起始值
																					increment by 1,    --每次主键生成的增量
																					Minvalue 1,        --最小值
																					Maxvalue 1000,     --最大值
																					No cycle,          --是否可循环
																					No cache          --是否缓存
																				  ), 
  class_id               nvarchar(10)  UNIQUE fk_class_id  references  Class(class_id) NOT NULL,    
  test_startdate         timestamp     NOT NULL ,           
  test_enddate           timestamp     NOT NULL
);   

create table Test_Date
(
  test_date_id      int         PRIMARY KEY   NOT NULL  generated by default as identity(
 																					start with 1,     --自增主键的起始值
																					increment by 1,    --每次主键生成的增量
																					Minvalue 1,        --最小值
																					Maxvalue 1000,     --最大值
																					No cycle,          --是否可循环
																					No cache          --是否缓存
																				  ), 
  class_id          nvarchar(10)  fk_class_id references  Class(class_id) NOT NULL,  
  test_hour_id      int	          fk_test_hour_id  references  Test_period(test_hour_id) NOT NULL,
  test_date         timestamp     NOT NULL, 
  test_people       int           NOT NULL, 
  exam_people       int           NOT NULL
); 

create table Member_status
(
  sta_id           int	          primary key  NOT NULL,
  sta_name         nvarchar(10)   NOT NULL           
); 

create table Stu_additional
(
  stu_add_id       int            primary key  NOT NULL  generated by default as identity(
		 																				  start with 1,     --自增主键的起始值
																						  increment by 1,    --每次主键生成的增量
																						  Minvalue 1,        --最小值
																						  Maxvalue 1000,     --最大值
																						  No cycle,          --是否可循环
																					      No cache          --是否缓存
																						 ), 
  stu_id           int            fk_stu_id references  Student(stu_id) NOT NULL, 
  test_start       timestamp      NOT NULL,
  test_end         timestamp      NOT NULL,
  stu_applytime    timestamp,
  sta_id           int            fk_sta_id references  Member_status(sta_id) NOT NULL ,
  emp_id           nvarchar(10)   fk_emp_id references  Employee(emp_id) NOT NULL,
  confirm_time     timestamp,
  title            nvarchar(20) 
); 

create table Mail_template
(
  mail_id          int	         primary key  NOT NULL  generated by default as identity(
		 																				  start with 1,     --自增主键的起始值
																						  increment by 1,    --每次主键生成的增量
																						  Minvalue 1,        --最小值
																						  Maxvalue 1000,     --最大值
																						  No cycle,          --是否可循环
																					      No cache          --是否缓存
																						 ), 
  mail_name        nvarchar(10) ,     
  mail_text        nvarchar(250)           
); 

create table Examiner_offday
( exam_id         int	         primary key  NOT NULL  generated by default as identity(
		 																				  start with 1,     --自增主键的起始值
																						  increment by 1,    --每次主键生成的增量
																						  Minvalue 1,        --最小值
																						  Maxvalue 1000,     --最大值
																						  No cycle,          --是否可循环
																					      No cache          --是否缓存
																						 ), 
  emp_id           nvarchar(10)	  fk_emp_id references  Employee(emp_id) NOT NULL,
  off_startdate    timestamp      NOT NULL,       
  off_enddate      timestamp      NOT NULL, 
  off_day          int            NOT NULL,
  emp_job_id       nvarchar(10)	  fk_emp_job_id  references  Employee(emp_id) NOT NULL
); 

create table Fullcalendar
(
  order_id         int            NOT NULL  generated by default as identity(
		 																				  start with 1,     --自增主键的起始值
																						  increment by 1,    --每次主键生成的增量
																						  Minvalue 1,        --最小值
																						  Maxvalue 1000,     --最大值
																						  No cycle,          --是否可循环
																					      No cache          --是否缓存
																						 ), 
  ftest_hour_id    nvarchar(20)   NOT NULL,
  stu_id           int            fk_stu_id references  Student(stu_id) NOT NULL, 
  test_start       timestamp     ,
  test_end         timestamp       ,
  color            nvarchar(10)  ,
  title            nvarchar(20)   ,
  editable         int         WITH DEFAULT 1 CHECK (editable = 1 OR editable = 0),
  overlap          int         WITH DEFAULT 1 CHECK (overlap = 1 OR overlap = 0),
  rendering        nvarchar(10)   ,
  limit nvarchar(20)
);



--drop table Talk
create table Talk
(
 talkId         int          primary key  NOT NULL  generated by default as identity(
		 																				  start with 1,     --自增主键的起始值
																						  increment by 1,    --每次主键生成的增量
																						  Minvalue 1,        --最小值
																						  Maxvalue 1000,     --最大值
																						  No cycle,          --是否可循环
																					      No cache          --是否缓存
																						 ), 
                 
  talkTitle    nvarchar(20)  NOT NULL , 
  talkName     nvarchar(10)  NOT NULL ,  
  talkChose    int  NOT NULL,
  talkMail     nvarchar(30),
  talkContent  nvarchar(100)  NOT NULL,
  retalkContent  nvarchar(100)  ,
  talkDate     timestamp      NOT NULL,
  retalkDate   timestamp, 
  talkstatus    int  NOT NULL    
);  







--time       ->可打'10:00'
--timestamp  ->如果要打時間，一定得打'2016-05-05 10:00:00'
--燈箱的資料不可有空格


--Edu
insert into edu(edu_name, edu_add, edu_tel, edu_contact)  values ('台北資策會', '台北市大安區復興南路一段', '026631666', 'Mary');
insert into edu(edu_name, edu_add, edu_tel, edu_contact)  values ('中壢資策會', '桃園市中壢區中大路300號', '034257387', 'John');
insert into edu(edu_name, edu_add, edu_tel, edu_contact)  values ('高雄資策會', '高雄市前金區中正四路211號', '079699885', 'Alean');

--Class
insert into class(class_id, class_name, class_contact, class_teach,edu_id) values ('EEIT85','Java程式設計師','羅秀燕','劉翰卿',1 );
insert into class(class_id, class_name, class_contact, class_teach,edu_id) values ('EEIT70','Java程式設計師','羅秀燕','劉翰卿',1 );
insert into class(class_id, class_name, class_contact, class_teach,edu_id) values ('MEME33','嵌入式軟體系統設計','羅秀燕','詹民進',2 );
insert into class(class_id, class_name, class_contact, class_teach,edu_id) values ('MSIT05','全方位應用程式設計','羅秀燕','王芳芳',2 );
insert into class(class_id, class_name, class_contact, class_teach,edu_id) values ('SESE59','網路系統整合工程師','羅秀燕','陳其元 ',3 );
insert into class(class_id, class_name, class_contact, class_teach,edu_id) values ('MMMH25','網路多媒體設計師','羅秀燕','楊斐羽',3 );

--Student
insert into student(stu_group,stu_note1,stu_seatno,stu_name,stu_age,stu_sch,stu_sex,stu_email,stu_pre,stu_implement,stu_testtime,stu_interview,stu_total,stu_workdate,stu_except,stu_final,stu_note2,class_id,pub_key,pri_key,cipher_text,log_pw) values (2,'備註1',20,'黃煜勝',77,'淡江大學電機系',1,'test1@gmail.com',0,88.5,'2016-5-27',86,87.5,'2016-7-1',40000,1,'備註2','EEIT85',null,null,null,null);
insert into student(stu_group,stu_note1,stu_seatno,stu_name,stu_age,stu_sch,stu_sex,stu_email,stu_pre,stu_implement,stu_testtime,stu_interview,stu_total,stu_workdate,stu_except,stu_final,stu_note2,class_id,pub_key,pri_key,cipher_text,log_pw) values (2,'備註1',20,'黃煜勝1',77,'淡江大學電機系',1,'test2@gmail.com',0,88.5,'2016-5-27',86,87.5,'2016-7-1',40000,1,'備註2','EEIT85',null,null,null,null);
insert into student(stu_group,stu_note1,stu_seatno,stu_name,stu_age,stu_sch,stu_sex,stu_email,stu_pre,stu_implement,stu_testtime,stu_interview,stu_total,stu_workdate,stu_except,stu_final,stu_note2,class_id,pub_key,pri_key,cipher_text,log_pw) values (2,'備註1',20,'黃煜勝2',77,'淡江大學電機系',1,'test3@gmail.com',0,88.5,'2016-5-27',86,87.5,'2016-7-1',40000,1,'備註2','EEIT85',null,null,null,null);
insert into student(stu_group,stu_note1,stu_seatno,stu_name,stu_age,stu_sch,stu_sex,stu_email,stu_pre,stu_implement,stu_testtime,stu_interview,stu_total,stu_workdate,stu_except,stu_final,stu_note2,class_id,pub_key,pri_key,cipher_text,log_pw) values (2,'備註1',20,'黃煜勝3',77,'淡江大學電機系',1,'test4@gmail.com',0,88.5,'2016-5-27',86,87.5,'2016-7-1',40000,1,'備註2','EEIT85',null,null,null,null);
insert into student(stu_group,stu_note1,stu_seatno,stu_name,stu_age,stu_sch,stu_sex,stu_email,stu_pre,stu_implement,stu_testtime,stu_interview,stu_total,stu_workdate,stu_except,stu_final,stu_note2,class_id,pub_key,pri_key,cipher_text,log_pw) values (2,'備註1',20,'黃煜勝4',77,'淡江大學電機系',1,'test5@gmail.com',0,88.5,'2016-5-27',86,87.5,'2016-7-1',40000,1,'備註2','EEIT70',null,null,null,null);
insert into student(stu_group,stu_note1,stu_seatno,stu_name,stu_age,stu_sch,stu_sex,stu_email,stu_pre,stu_implement,stu_testtime,stu_interview,stu_total,stu_workdate,stu_except,stu_final,stu_note2,class_id,pub_key,pri_key,cipher_text,log_pw) values (2,'備註1',20,'黃煜勝5',77,'淡江大學電機系',1,'test6gmail.com',0,88.5,'2016-5-27',86,87.5,'2016-7-1',40000,1,'備註2','EEIT70',null,null,null,null);
insert into student(stu_group,stu_note1,stu_seatno,stu_name,stu_age,stu_sch,stu_sex,stu_email,stu_pre,stu_implement,stu_testtime,stu_interview,stu_total,stu_workdate,stu_except,stu_final,stu_note2,class_id,pub_key,pri_key,cipher_text,log_pw) values (2,'備註1',20,'黃煜勝6',77,'淡江大學電機系',1,'test7@gmail.com',0,88.5,'2016-5-27',86,87.5,'2016-7-1',40000,1,'備註2','EEIT70',null,null,null,null);
insert into student(stu_group,stu_note1,stu_seatno,stu_name,stu_age,stu_sch,stu_sex,stu_email,stu_pre,stu_implement,stu_testtime,stu_interview,stu_total,stu_workdate,stu_except,stu_final,stu_note2,class_id,pub_key,pri_key,cipher_text,log_pw) values (2,'備註1',20,'黃煜勝7',77,'淡江大學電機系',1,'test8@gmail.com',0,88.5,'2016-5-27',86,87.5,'2016-7-1',40000,1,'備註2','MEME33',null,null,null,null);
insert into student(stu_group,stu_note1,stu_seatno,stu_name,stu_age,stu_sch,stu_sex,stu_email,stu_pre,stu_implement,stu_testtime,stu_interview,stu_total,stu_workdate,stu_except,stu_final,stu_note2,class_id,pub_key,pri_key,cipher_text,log_pw) values (2,'備註1',20,'黃煜勝8',77,'淡江大學電機系',1,'test9@gmail.com',0,88.5,'2016-5-27',86,87.5,'2016-7-1',40000,1,'備註2','MEME33',null,null,null,null);
insert into student(stu_group,stu_note1,stu_seatno,stu_name,stu_age,stu_sch,stu_sex,stu_email,stu_pre,stu_implement,stu_testtime,stu_interview,stu_total,stu_workdate,stu_except,stu_final,stu_note2,class_id,pub_key,pri_key,cipher_text,log_pw) values (2,'備註1',20,'黃煜勝9',77,'淡江大學電機系',1,'test10@gmail.com',0,88.5,'2016-5-27',86,87.5,'2016-7-1',40000,1,'備註2','MEME33',null,null,null,null);
insert into student(stu_group,stu_note1,stu_seatno,stu_name,stu_age,stu_sch,stu_sex,stu_email,stu_pre,stu_implement,stu_testtime,stu_interview,stu_total,stu_workdate,stu_except,stu_final,stu_note2,class_id,pub_key,pri_key,cipher_text,log_pw) values (2,'備註1',20,'黃煜勝10',77,'淡江大學電機系',1,'test11@gmail.com',0,88.5,'2016-5-27',86,87.5,'2016-7-1',40000,1,'備註2','MSIT05',null,null,null,null);
insert into student(stu_group,stu_note1,stu_seatno,stu_name,stu_age,stu_sch,stu_sex,stu_email,stu_pre,stu_implement,stu_testtime,stu_interview,stu_total,stu_workdate,stu_except,stu_final,stu_note2,class_id,pub_key,pri_key,cipher_text,log_pw) values (2,'備註1',20,'黃煜勝11',77,'淡江大學電機系',1,'test12@gmail.com',0,88.5,'2016-5-27',86,87.5,'2016-7-1',40000,1,'備註2','MSIT05',null,null,null,null);
insert into student(stu_group,stu_note1,stu_seatno,stu_name,stu_age,stu_sch,stu_sex,stu_email,stu_pre,stu_implement,stu_testtime,stu_interview,stu_total,stu_workdate,stu_except,stu_final,stu_note2,class_id,pub_key,pri_key,cipher_text,log_pw) values (2,'備註1',20,'黃煜勝12',77,'淡江大學電機系',1,'test14@gmail.com',0,88.5,'2016-5-27',86,87.5,'2016-7-1',40000,1,'備註2','MSIT05',null,null,null,null);
insert into student(stu_group,stu_note1,stu_seatno,stu_name,stu_age,stu_sch,stu_sex,stu_email,stu_pre,stu_implement,stu_testtime,stu_interview,stu_total,stu_workdate,stu_except,stu_final,stu_note2,class_id,pub_key,pri_key,cipher_text,log_pw) values (2,'備註1',20,'黃煜勝13',77,'淡江大學電機系',1,'test15@gmail.com',0,88.5,'2016-5-27',86,87.5,'2016-7-1',40000,1,'備註2','SESE59',null,null,null,null);
insert into student(stu_group,stu_note1,stu_seatno,stu_name,stu_age,stu_sch,stu_sex,stu_email,stu_pre,stu_implement,stu_testtime,stu_interview,stu_total,stu_workdate,stu_except,stu_final,stu_note2,class_id,pub_key,pri_key,cipher_text,log_pw) values (2,'備註1',20,'黃煜勝14',77,'淡江大學電機系',1,'test16@gmail.com',0,88.5,'2016-5-27',86,87.5,'2016-7-1',40000,1,'備註2','SESE59',null,null,null,null);
insert into student(stu_group,stu_note1,stu_seatno,stu_name,stu_age,stu_sch,stu_sex,stu_email,stu_pre,stu_implement,stu_testtime,stu_interview,stu_total,stu_workdate,stu_except,stu_final,stu_note2,class_id,pub_key,pri_key,cipher_text,log_pw) values (2,'備註1',20,'黃煜勝15',77,'淡江大學電機系',1,'test17@gmail.com',0,88.5,'2016-5-27',86,87.5,'2016-7-1',40000,1,'備註2','MMMH25',null,null,null,null);
insert into student(stu_group,stu_note1,stu_seatno,stu_name,stu_age,stu_sch,stu_sex,stu_email,stu_pre,stu_implement,stu_testtime,stu_interview,stu_total,stu_workdate,stu_except,stu_final,stu_note2,class_id,pub_key,pri_key,cipher_text,log_pw) values (2,'備註1',20,'黃煜勝16',77,'淡江大學電機系',1,'test18@gmail.com',0,88.5,'2016-5-27',86,87.5,'2016-7-1',40000,1,'備註2','MMMH25',null,null,null,null);
--insert into student(stu_group,stu_note1,stu_seatno,stu_name,stu_age,stu_sch,stu_sex,stu_email,stu_pre,stu_implement,stu_testtime,stu_interview,stu_total,stu_workdate,stu_except,stu_final,stu_note2,class_id,pub_key,pri_key,cipher_text,log_pw) values (2,'備註1',20,'黃煜勝17',77,'淡江大學電機系',1,'test19@gmail.com',0,88.5,'2016-5-27',86,87.5,'2016-7-1',40000,1,'備註2','MMMH25',null,null,null,null);
insert into student(stu_group,stu_note1,stu_seatno,stu_name,stu_age,stu_sch,stu_sex,stu_email,stu_pre,stu_implement,stu_testtime,stu_interview,stu_total,stu_workdate,stu_except,stu_final,stu_note2,class_id,pub_key,pri_key,cipher_text,log_pw) values (2,'備註1',20,'陳顥賢學生',76,'淡江大學經濟系',1,'pighouse764701@gmail.com',0,88.5,'2016-5-27',86,87.5,'2016-7-1',40000,1,'備註2','EEIT85',null,null,null,null);

--Test_period
insert into Test_period(test_starthour,test_endhour) values('10:00','12:00');
insert into Test_period(test_starthour,test_endhour) values('12:00','15:00');
insert into Test_period(test_starthour,test_endhour) values('14:00','16:00');
insert into Test_period(test_starthour,test_endhour) values('16:00','18:00');

 --Sign_list
insert into Sign_list(sl_id, sl_name) values(0, 'No permission');
insert into Sign_list(sl_id, sl_name) values(1, 'Employee');
insert into Sign_list(sl_id, sl_name) values(2, 'Examiner');
insert into Sign_list(sl_id, sl_name) values(3, 'Administrator');

 --Employee
insert into Employee (emp_id, emp_name, dep_id, dep_name, emp_mail, sl_id) values ('7001','許貿誠', '10','IT_Department','test1@webcomme.com','3');
insert into Employee (emp_id, emp_name, dep_id, dep_name, emp_mail, sl_id) values ('7002','黃煜勝', '20','Administrative_Department','test2@webcomme.com','3');
insert into Employee (emp_id, emp_name, dep_id, dep_name, emp_mail, sl_id) values ('7003','王潔', '30','Finance_Department','test3@webcomme.com','2');
insert into Employee (emp_id, emp_name, dep_id, dep_name, emp_mail, sl_id) values ('7004','張書豪', '40','Marketing_Department','test4@webcomme.com','2');
insert into Employee (emp_id, emp_name, dep_id, dep_name, emp_mail, sl_id) values ('7005','林俊佑', '50','Planning_Department','test5@webcomme.com','1');
insert into Employee (emp_id, emp_name, dep_id, dep_name, emp_mail, sl_id) values ('7006','王彥淳', '60','Sales_Department','test6@webcomme.com','1');
insert into Employee (emp_id, emp_name, dep_id, dep_name, emp_mail, sl_id) values ('7007','瑞', '70','EEIT_Department','a61802123@gmail.com','2');
insert into Employee (emp_id, emp_name, dep_id, dep_name, emp_mail, sl_id) values ('0000','未確認', '0','None','0000@webcomme.com','1');
--insert into Employee (emp_id, emp_name, dep_id, dep_name, emp_mail, sl_id) values ('7007','陳顥賢員工', '70','Sales_Department','pighouse764701@gmail.com','1');
 --Examiner_offday
insert into Examiner_offday (emp_id, off_startdate, off_enddate, off_day, emp_job_id) values ('7006','2016-5-15', '2016-5-18','3','7001');
insert into Examiner_offday (emp_id, off_startdate, off_enddate, off_day, emp_job_id) values ('7004','2016-5-10', '2016-5-20','10','7003');
insert into Examiner_offday (emp_id, off_startdate, off_enddate, off_day, emp_job_id) values ('7001','2016-5-16', '2016-5-21','5','7002');

 --Test_interval
insert into Test_interval (class_id, test_startdate, test_enddate) values ('EEIT85','2016-5-09', '2016-5-23');
insert into Test_interval (class_id, test_startdate, test_enddate) values ('MEME33','2016-5-15', '2016-5-29');
insert into Test_interval (class_id, test_startdate, test_enddate) values ('SESE59','2016-6-01', '2016-5-15');

 --Test_Date
--insert into Test_Date (class_id, test_hour_id, test_date, test_people, exam_people) values ('EEIT85', '1', '2016-05-09', '2', '0');
--insert into Test_Date (class_id, test_hour_id, test_date, test_people, exam_people) values ('EEIT85', '2', '2016-05-10', '2', '0');
--insert into Test_Date (class_id, test_hour_id, test_date, test_people, exam_people) values ('EEIT85', '3', '2016-05-10', '2', '0');

 --Member_status
insert into Member_status (sta_id, sta_name) values ('1','已核准');
insert into Member_status (sta_id, sta_name) values ('2','未核准');
insert into Member_status (sta_id, sta_name) values ('3','未報名');
insert into Member_status (sta_id, sta_name) values ('4','已錄取');
insert into Member_status (sta_id, sta_name) values ('5','未錄取');

 --Stu_additional
insert into Stu_additional (stu_id, test_start, test_end, stu_applytime, sta_id, emp_id, confirm_time, title) values (1,'2016-5-09 10:00:00', '2016-5-09 12:00:00', '2016-5-05 10:30:00', '1', '7004', '2016-05-09 15:00:00','Java');
insert into Stu_additional (stu_id, test_start, test_end, stu_applytime, sta_id, emp_id, confirm_time, title) values (2,'2016-5-09 10:00:00', '2016-5-09 12:00:00', '2016-5-05 13:30:00', '2', '7003', '2016-05-09 10:00:00','無科目');
insert into Stu_additional (stu_id, test_start, test_end, stu_applytime, sta_id, emp_id, confirm_time, title) values (3,'2016-5-09 14:00:00', '2016-5-09 16:00:00', '2016-5-05 16:30:00', '3', '7003', '2016-05-09 17:00:00','Java');
insert into Stu_additional (stu_id, test_start, test_end, stu_applytime, sta_id, emp_id, confirm_time, title) values (4,'2016-5-09 14:00:00', '2016-5-09 16:00:00', '2016-5-05 12:00:00', '4', '7001', '2016-05-09 15:00:00','無科目');
insert into Stu_additional (stu_id, test_start, test_end, stu_applytime, sta_id, emp_id, confirm_time, title) values (5,'2016-5-09 10:00:00', '2016-5-09 12:00:00', '2016-5-05 10:30:00', '5', '7004', '2016-05-09 15:00:00','Java');
insert into Stu_additional (stu_id, test_start, test_end, stu_applytime, sta_id, emp_id, confirm_time, title) values (6,'2016-5-09 10:00:00', '2016-5-09 12:00:00', '2016-5-05 13:30:00', '1', '7003', '2016-05-09 10:00:00','無科目');
insert into Stu_additional (stu_id, test_start, test_end, stu_applytime, sta_id, emp_id, confirm_time, title) values (7,'2016-5-09 14:00:00', '2016-5-09 16:00:00', '2016-5-05 16:30:00', '2', '7003', '2016-05-09 17:00:00','無科目');
insert into Stu_additional (stu_id, test_start, test_end, stu_applytime, sta_id, emp_id, confirm_time, title) values (8,'2016-5-09 14:00:00', '2016-5-09 16:00:00', '2016-5-05 12:00:00', '3', '7001', '2016-05-09 15:00:00','Java');
insert into Stu_additional (stu_id, test_start, test_end, stu_applytime, sta_id, emp_id, confirm_time, title) values (9,'2016-5-09 10:00:00', '2016-5-09 12:00:00', '2016-5-05 10:30:00', '4', '7004', '2016-05-09 15:00:00','無科目');
insert into Stu_additional (stu_id, test_start, test_end, stu_applytime, sta_id, emp_id, confirm_time, title) values (10,'2016-5-09 10:00:00', '2016-5-09 12:00:00', '2016-5-05 13:30:00', '5', '7003', '2016-05-09 10:00:00','無科目');
insert into Stu_additional (stu_id, test_start, test_end, stu_applytime, sta_id, emp_id, confirm_time, title) values (11,'2016-5-09 14:00:00', '2016-5-09 16:00:00', '2016-5-05 16:30:00', '1', '7003', '2016-05-09 17:00:00','Java');
insert into Stu_additional (stu_id, test_start, test_end, stu_applytime, sta_id, emp_id, confirm_time, title) values (12,'2016-5-09 14:00:00', '2016-5-09 16:00:00', '2016-5-05 12:00:00', '2', '7001', '2016-05-09 15:00:00','無科目');
insert into Stu_additional (stu_id, test_start, test_end, stu_applytime, sta_id, emp_id, confirm_time, title) values (13,'2016-5-09 10:00:00', '2016-5-09 12:00:00', '2016-5-05 10:30:00', '3', '7004', '2016-05-09 15:00:00','Java');
insert into Stu_additional (stu_id, test_start, test_end, stu_applytime, sta_id, emp_id, confirm_time, title) values (14,'2016-5-09 10:00:00', '2016-5-09 12:00:00', '2016-5-05 13:30:00', '4', '7003', '2016-05-09 10:00:00','無科目');
insert into Stu_additional (stu_id, test_start, test_end, stu_applytime, sta_id, emp_id, confirm_time, title) values (15,'2016-5-09 14:00:00', '2016-5-09 16:00:00', '2016-5-05 16:30:00', '5', '7003', '2016-05-09 17:00:00','Java');
insert into Stu_additional (stu_id, test_start, test_end, stu_applytime, sta_id, emp_id, confirm_time, title) values (16,'2016-5-09 14:00:00', '2016-5-09 16:00:00', '2016-5-05 12:00:00', '1', '7001', '2016-05-09 15:00:00','無科目');
insert into Stu_additional (stu_id, test_start, test_end, stu_applytime, sta_id, emp_id, confirm_time, title) values (17,'2016-5-09 14:00:00', '2016-5-09 16:00:00', '2016-5-05 12:00:00', '1', '7001', '2016-05-09 15:00:00','Java');
insert into Stu_additional (stu_id, test_start, test_end, stu_applytime, sta_id, emp_id, confirm_time, title) values (18,'2016-5-09 14:00:00', '2016-5-09 16:00:00', '2016-5-05 12:00:00', '1', '7001', '2016-05-09 15:00:00','無科目');

 --Mail_template
insert into Mail_template (mail_name, mail_text) values ('預約成功通知0', '預約成功0');
insert into Mail_template (mail_name, mail_text) values ('預約成功通知1', '預約成功1');
insert into Mail_template (mail_name, mail_text) values ('預約成功通知2', '預約成功2');
insert into Mail_template (mail_name, mail_text) values ('預約成功通知3', '預約成功3');

--Talk
insert into Talk(talkTitle,talkName,talkChose,talkMail,talkContent,retalkContent,talkDate,retalkDate,talkstatus) values('測試用','張書豪',1,'a25251226@gmail.com','你好，請問貴公司在哪兒?',null,'2015-01-01 09:05:10','2015-01-01 09:05:10',0);
insert into Talk(talkTitle,talkName,talkChose,talkMail,talkContent,retalkContent,talkDate,retalkDate,talkstatus) values('使用中','林書豪',0,null,'你好，請問貴公司在哪兒?','你好，公司在台北市市民大道路口','2015-10-01 09:05:10','2016-10-10 09:05:10',1);






insert into fullcalendar (ftest_hour_id,stu_ID,color,test_start,test_end,rendering) values ('18',18,'#08d572','2016-06-06','2016-06-14','background');
insert into fullcalendar (ftest_hour_id,stu_ID,title,color) values ('18',18,'Java','#3A87AD');--ID代表可以選擇的range


insert into fullcalendar (ftest_hour_id,stu_ID,color,test_start,test_end,rendering) values ('17',17,'#08d572','2016-06-06','2016-06-14','background');
insert into fullcalendar (ftest_hour_id,stu_ID,title,color) values ('17',17,'Java','#3A87AD');--ID代表可以選擇的range




-- 測試前記得執行一下普通java程式LogIn.model/SaveChangedPasswordService